Id,Name,LastName,Email
1,Gwenneth,Bertson,gbertson0@ca.gov
2,Rand,Impy,rimpy1@theguardian.com
3,Rudy,Corington,rcorington2@scribd.com
4,Amity,Poulney,apoulney3@bbc.co.uk
5,Vivianne,O'Crigane,vocrigane4@huffingtonpost.com
6,Aeriell,Pashley,apashley5@disqus.com
7,Devin,Shurrock,dshurrock6@adobe.com
8,Ursuline,McPhaden,umcphaden7@amazonaws.com
9,Hope,Allridge,hallridge8@mapy.cz
10,Gertrud,Backwell,gbackwell9@exblog.jp
11,Chloette,McNevin,cmcnevina@gov.uk
12,Kaitlynn,Pairpoint,kpairpointb@umich.edu
13,Harrie,Peat,hpeatc@networksolutions.com
14,Kenny,Lusk,kluskd@people.com.cn
15,Rossie,Kilner,rkilnere@yelp.com
16,Roxanna,Drogan,rdroganf@cafepress.com
17,Chryste,Chave,cchaveg@jigsy.com
18,Goldia,Buckland,gbucklandh@economist.com
19,Lindi,Laden,lladeni@joomla.org
20,Lucille,Rubbert,lrubbertj@loc.gov
21,Archy,Glazer,aglazerk@baidu.com
22,Mortie,Oneile,moneilel@businessinsider.com
23,Chrystal,Greville,cgrevillem@archive.org
24,Tobi,Danelutti,tdaneluttin@123-reg.co.uk
25,Erinna,Walworth,ewalwortho@nps.gov
26,Lotta,Shade,lshadep@bloomberg.com
27,Jordain,Toal,jtoalq@4shared.com
28,Nalani,Oxenbury,noxenburyr@webeden.co.uk
29,Beau,Benting,bbentings@scribd.com
30,Roderic,O' Cuolahan,rocuolahant@ca.gov
31,Reeta,Gladwin,rgladwinu@techcrunch.com
32,Bucky,Shippam,bshippamv@yahoo.com
33,Janot,Sumnall,jsumnallw@unesco.org
34,Kathy,Sacco,ksaccox@illinois.edu
35,Winifred,Jenckes,wjenckesy@nationalgeographic.com
36,Elke,Waylett,ewaylettz@163.com
37,Burgess,Lusty,blusty10@va.gov
38,Simone,Shillum,sshillum11@fotki.com
39,Rahal,Dorie,rdorie12@cdbaby.com
40,Anna-diane,Hane,ahane13@mashable.com
41,Tallou,Beatson,tbeatson14@dailymotion.com
42,Cirillo,Taphouse,ctaphouse15@state.gov
43,Anatol,Gocher,agocher16@discovery.com
44,Nealy,Crenshaw,ncrenshaw17@hostgator.com
45,Whitman,Gurys,wgurys18@myspace.com
46,Glyn,Tommei,gtommei19@scribd.com
47,Genna,Skeemor,gskeemor1a@nih.gov
48,Mel,Charlwood,mcharlwood1b@loc.gov
49,Monro,Dagger,mdagger1c@diigo.com
50,Leoine,Mantione,lmantione1d@berkeley.edu
51,Kimbra,Faucett,kfaucett1e@google.com.br
52,Ganny,McCard,gmccard1f@ebay.co.uk
53,Sophia,Kinkead,skinkead1g@whitehouse.gov
54,Drona,Giamo,dgiamo1h@elegantthemes.com
55,Jerald,Conner,jconner1i@fema.gov
56,Hilliard,Cutler,hcutler1j@t-online.de
57,Lorraine,O'Cosgra,locosgra1k@amazonaws.com
58,Kerk,Greatrakes,kgreatrakes1l@washingtonpost.com
59,Sterling,Diggar,sdiggar1m@rakuten.co.jp
60,Gaspar,Bramwell,gbramwell1n@wix.com
61,Grant,Ilyinykh,gilyinykh1o@time.com
62,Janeva,Swetmore,jswetmore1p@yandex.ru
63,Kaela,Goncalo,kgoncalo1q@clickbank.net
64,Adams,Westpfel,awestpfel1r@squarespace.com
65,Boyce,Bramo,bbramo1s@wikipedia.org
66,Nicolais,Ferryn,nferryn1t@canalblog.com
67,Brynne,Nanni,bnanni1u@so-net.ne.jp
68,Cly,Faustian,cfaustian1v@google.ru
69,Aretha,O'Fergus,aofergus1w@mayoclinic.com
70,Micah,Levene,mlevene1x@cbc.ca
71,Cinnamon,Mitchelhill,cmitchelhill1y@independent.co.uk
72,Wyndham,Bennedick,wbennedick1z@linkedin.com
73,Bili,Pattenden,bpattenden20@xrea.com
74,Linc,Hurdidge,lhurdidge21@g.co
75,Nettie,Prati,nprati22@w3.org
76,Ynes,Ebbles,yebbles23@economist.com
77,Idell,Harsant,iharsant24@phoca.cz
78,Tony,Skidmore,tskidmore25@zdnet.com
79,Mimi,Seedull,mseedull26@lulu.com
80,Peri,Tegler,ptegler27@unesco.org
81,Wyatt,De Dantesie,wdedantesie28@sitemeter.com
82,Venita,Bringloe,vbringloe29@theatlantic.com
83,Iris,Chitson,ichitson2a@alibaba.com
84,Skelly,Riddiford,sriddiford2b@chron.com
85,Salvador,Tondeur,stondeur2c@nytimes.com
86,Mari,Leaf,mleaf2d@deliciousdays.com
87,Sara,Moore,smoore2e@ucsd.edu
88,Mikol,Villaron,mvillaron2f@pbs.org
89,Stanwood,Leathart,sleathart2g@woothemes.com
90,Saundra,Belcham,sbelcham2h@gizmodo.com
91,Issiah,Astman,iastman2i@feedburner.com
92,Hilde,Avent,havent2j@cargocollective.com
93,Lynda,Wethered,lwethered2k@house.gov
94,Bonny,Reader,breader2l@purevolume.com
95,Cyndi,Bateman,cbateman2m@usda.gov
96,Jaymee,Meredyth,jmeredyth2n@bbc.co.uk
97,Abby,Stoney,astoney2o@ycombinator.com
98,Mathilde,Jurczyk,mjurczyk2p@t-online.de
99,Bell,McGilvary,bmcgilvary2q@theguardian.com
100,Bail,Skuce,bskuce2r@printfriendly.com
101,Eolanda,Eblein,eeblein2s@samsung.com
102,Wyatan,Jacklings,wjacklings2t@squidoo.com
103,Jorry,Lait,jlait2u@goo.gl
104,Andres,Crumpe,acrumpe2v@eepurl.com
105,Noella,Yankin,nyankin2w@newsvine.com
106,Bobette,Setford,bsetford2x@hp.com
107,Jerrylee,Hubatsch,jhubatsch2y@so-net.ne.jp
108,Cheston,Creigan,ccreigan2z@webs.com
109,Bee,Ride,bride30@acquirethisname.com
110,Ken,Bernolet,kbernolet31@cisco.com
111,Persis,Gartside,pgartside32@wsj.com
112,Jack,Baly,jbaly33@jalbum.net
113,Idalia,Malan,imalan34@cafepress.com
114,Tonie,Dalgliesh,tdalgliesh35@hp.com
115,Livvy,Christophers,lchristophers36@upenn.edu
116,Klarika,Jacklin,kjacklin37@skype.com
117,Manya,Starmer,mstarmer38@paypal.com
118,Kitty,Marzellano,kmarzellano39@google.pl
119,Nanon,Le Gallo,nlegallo3a@nifty.com
120,Carrol,Wagon,cwagon3b@qq.com
121,Mollee,Casson,mcasson3c@reference.com
122,Harli,Leidl,hleidl3d@deliciousdays.com
123,Felice,Filipponi,ffilipponi3e@skyrock.com
124,Georgeanna,Samsworth,gsamsworth3f@howstuffworks.com
125,Ase,Lockhart,alockhart3g@unc.edu
126,Templeton,Sallenger,tsallenger3h@time.com
127,Derry,Lambdin,dlambdin3i@yandex.ru
128,Pail,Crannis,pcrannis3j@unc.edu
129,Armin,Maudlin,amaudlin3k@deliciousdays.com
130,Lida,Gush,lgush3l@slate.com
131,Hermy,Goldston,hgoldston3m@webeden.co.uk
132,Derril,MacDonogh,dmacdonogh3n@uol.com.br
133,Teddi,Malec,tmalec3o@github.com
134,Farlie,Grcic,fgrcic3p@opera.com
135,Gale,Girvan,ggirvan3q@privacy.gov.au
136,Etan,Carnoghan,ecarnoghan3r@so-net.ne.jp
137,Harwilll,Choak,hchoak3s@freewebs.com
138,Merline,Colloby,mcolloby3t@oakley.com
139,Joanna,Vannah,jvannah3u@fotki.com
140,Kristi,Gregore,kgregore3v@weibo.com
141,Sigismundo,Spilsted,sspilsted3w@desdev.cn
142,Florella,Goneau,fgoneau3x@jiathis.com
143,Lucille,Masi,lmasi3y@uiuc.edu
144,Loreen,Gatman,lgatman3z@google.it
145,Sibbie,Dimitrov,sdimitrov40@acquirethisname.com
146,Corri,Fergie,cfergie41@tripadvisor.com
147,Noella,Oag,noag42@google.ru
148,Mady,Boarer,mboarer43@feedburner.com
149,Sonny,Farlane,sfarlane44@alibaba.com
150,Chery,Twinbrow,ctwinbrow45@wired.com
151,Brittany,Cattrall,bcattrall46@dedecms.com
152,Merrie,Cadman,mcadman47@arstechnica.com
153,Yves,Henmarsh,yhenmarsh48@theglobeandmail.com
154,Kayle,Trimmill,ktrimmill49@github.io
155,Jermayne,Paler,jpaler4a@hubpages.com
156,Spense,McClancy,smcclancy4b@harvard.edu
157,Bonnibelle,Jayme,bjayme4c@posterous.com
158,Gabby,Gemlett,ggemlett4d@amazon.de
159,Vivie,Laneham,vlaneham4e@ibm.com
160,Worden,Fills,wfills4f@google.nl
161,Elvyn,Tatnell,etatnell4g@squidoo.com
162,Cirillo,Poulgreen,cpoulgreen4h@clickbank.net
163,Frederik,McNish,fmcnish4i@facebook.com
164,Ricard,Boissieux,rboissieux4j@tmall.com
165,Giffie,Savery,gsavery4k@nba.com
166,Marielle,Pond-Jones,mpondjones4l@acquirethisname.com
167,Herb,Beacon,hbeacon4m@bloglines.com
168,Christiana,Balasin,cbalasin4n@bluehost.com
169,Brooks,Edrich,bedrich4o@gravatar.com
170,Federico,Parbrook,fparbrook4p@nifty.com
171,Dante,Roxbee,droxbee4q@constantcontact.com
172,Andonis,Leith,aleith4r@cisco.com
173,Wilburt,Stollberger,wstollberger4s@jalbum.net
174,Lawry,Ducker,lducker4t@fema.gov
175,Mufi,Baxill,mbaxill4u@digg.com
176,Kerianne,Wolfe,kwolfe4v@amazon.co.jp
177,Prince,Silkstone,psilkstone4w@ted.com
178,Michal,Beveredge,mbeveredge4x@webmd.com
179,Wiatt,Worrall,wworrall4y@globo.com
180,Laird,Izzett,lizzett4z@google.com.hk
181,Broderic,Sowter,bsowter50@economist.com
182,Ambur,Blight,ablight51@bbb.org
183,Hodge,Frear,hfrear52@drupal.org
184,Micky,Fanstone,mfanstone53@cargocollective.com
185,Danila,Petraitis,dpetraitis54@umn.edu
186,Ofelia,Ley,oley55@census.gov
187,Adelina,Blincoe,ablincoe56@businessweek.com
188,Donn,Gaine,dgaine57@google.cn
189,Clarette,Breche,cbreche58@geocities.jp
190,Trace,Ridges,tridges59@jigsy.com
191,Laure,Crean,lcrean5a@xing.com
192,Rani,Baudon,rbaudon5b@storify.com
193,Bay,Buckeridge,bbuckeridge5c@smugmug.com
194,Natalie,Dabes,ndabes5d@indiatimes.com
195,Emylee,Djurevic,edjurevic5e@joomla.org
196,Tadd,Butlin,tbutlin5f@intel.com
197,Adrian,Stapford,astapford5g@loc.gov
198,Estel,Bonavia,ebonavia5h@simplemachines.org
199,Coralyn,Sprowles,csprowles5i@pen.io
200,Kit,Elder,kelder5j@dailymotion.com
201,Esme,Reisin,ereisin5k@nytimes.com
202,Merl,Pallent,mpallent5l@ted.com
203,Pinchas,Hellewell,phellewell5m@gmpg.org
204,Courtnay,Greschik,cgreschik5n@mail.ru
205,Gui,Milsom,gmilsom5o@gravatar.com
206,Niven,Dooher,ndooher5p@usnews.com
207,Mab,Redit,mredit5q@joomla.org
208,Gertrude,Putson,gputson5r@yelp.com
209,Lana,Lintall,llintall5s@arstechnica.com
210,Rhys,Pinniger,rpinniger5t@economist.com
211,Bruis,Brandin,bbrandin5u@npr.org
212,Jasun,Grealey,jgrealey5v@va.gov
213,Bevan,Caroline,bcaroline5w@edublogs.org
214,Nolly,Cornejo,ncornejo5x@barnesandnoble.com
215,Katya,Gueinn,kgueinn5y@webnode.com
216,Maryrose,Shovel,mshovel5z@google.co.jp
217,Viviyan,Ballance,vballance60@scribd.com
218,Fifi,Silverthorne,fsilverthorne61@altervista.org
219,Cookie,Dyball,cdyball62@vistaprint.com
220,Gradeigh,Joblin,gjoblin63@hp.com
221,Merline,Castro,mcastro64@shutterfly.com
222,Virgie,Trowsdale,vtrowsdale65@census.gov
223,Torrey,Keyhoe,tkeyhoe66@zimbio.com
224,Arlee,Trimme,atrimme67@weather.com
225,Mandel,Yanyushkin,myanyushkin68@sitemeter.com
226,Aubrie,Pash,apash69@topsy.com
227,Danila,Benardet,dbenardet6a@arizona.edu
228,Caty,Thecham,cthecham6b@wikispaces.com
229,Odele,Adenot,oadenot6c@discovery.com
230,Heather,Housen,hhousen6d@google.com.au
231,Kerrill,Plaistowe,kplaistowe6e@imageshack.us
232,Caritta,Cotherill,ccotherill6f@bandcamp.com
233,Kearney,Flawn,kflawn6g@columbia.edu
234,Simonette,Spiring,sspiring6h@arstechnica.com
235,Correy,de Quesne,cdequesne6i@acquirethisname.com
236,Orin,Silley,osilley6j@dyndns.org
237,Sebastian,Tiler,stiler6k@shareasale.com
238,Melesa,Ivanaev,mivanaev6l@github.io
239,Latashia,Aslin,laslin6m@youtu.be
240,Laurent,Saffran,lsaffran6n@mayoclinic.com
241,Brad,Shervil,bshervil6o@hugedomains.com
242,Kayle,Bloxam,kbloxam6p@storify.com
243,Lucine,Bellas,lbellas6q@irs.gov
244,Rosmunda,McCarry,rmccarry6r@unc.edu
245,Shane,Bes,sbes6s@surveymonkey.com
246,Nelle,Adrianello,nadrianello6t@simplemachines.org
247,Ricoriki,Shearmur,rshearmur6u@symantec.com
248,Harmony,Pay,hpay6v@mozilla.com
249,Peri,Strode,pstrode6w@narod.ru
250,Karen,Paine,kpaine6x@t-online.de
251,Noami,Slamaker,nslamaker6y@parallels.com
252,Barrie,Hubberstey,bhubberstey6z@springer.com
253,Tamra,Challens,tchallens70@uol.com.br
254,Yance,Broadwell,ybroadwell71@redcross.org
255,Albertine,Easton,aeaston72@amazon.com
256,Mair,Brandino,mbrandino73@amazon.de
257,Gina,Horrell,ghorrell74@reuters.com
258,Golda,Benediktsson,gbenediktsson75@xinhuanet.com
259,Desmund,Fishpond,dfishpond76@ft.com
260,Doralynn,Tilbrook,dtilbrook77@wiley.com
261,Urbanus,Zellmer,uzellmer78@slideshare.net
262,Vasili,Putman,vputman79@thetimes.co.uk
263,Mildred,Archley,marchley7a@shinystat.com
264,Deane,Kilduff,dkilduff7b@state.tx.us
265,Stanislaw,Kirdsch,skirdsch7c@fc2.com
266,Modesta,Iacovides,miacovides7d@studiopress.com
267,Lottie,Georgelin,lgeorgelin7e@imgur.com
268,Rocky,De Bruin,rdebruin7f@biglobe.ne.jp
269,Karlene,Dufall,kdufall7g@infoseek.co.jp
270,Zachary,Allmond,zallmond7h@purevolume.com
271,Mina,Pavitt,mpavitt7i@mail.ru
272,Normie,Nice,nnice7j@craigslist.org
273,Terri,Myner,tmyner7k@taobao.com
274,Deborah,Fennelly,dfennelly7l@uiuc.edu
275,Leonanie,Gravells,lgravells7m@stanford.edu
276,Elden,Tallow,etallow7n@chronoengine.com
277,Lenette,Abramowitch,labramowitch7o@dropbox.com
278,Jamaal,Kayne,jkayne7p@istockphoto.com
279,Chickie,Eastway,ceastway7q@techcrunch.com
280,Vivi,Berkowitz,vberkowitz7r@163.com
281,Dasya,Toynbee,dtoynbee7s@ning.com
282,Laurene,Puleston,lpuleston7t@nps.gov
283,Maribeth,Lowdiane,mlowdiane7u@nifty.com
284,Josepha,Coveley,jcoveley7v@gmpg.org
285,Emelda,Vankeev,evankeev7w@latimes.com
286,Mayor,Moyse,mmoyse7x@microsoft.com
287,Griffy,Landrean,glandrean7y@webmd.com
288,Regine,Peaddie,rpeaddie7z@theguardian.com
289,Ive,Jeffreys,ijeffreys80@goodreads.com
290,Max,Munroe,mmunroe81@google.com
291,Arvy,Khomin,akhomin82@simplemachines.org
292,Morley,Blaksley,mblaksley83@vinaora.com
293,Man,Scrivner,mscrivner84@i2i.jp
294,Halli,Gartan,hgartan85@home.pl
295,Darya,Sutherington,dsutherington86@oracle.com
296,Devina,Kennedy,dkennedy87@illinois.edu
297,Reade,Slater,rslater88@barnesandnoble.com
298,Philly,Beavis,pbeavis89@mayoclinic.com
299,Nappie,Skym,nskym8a@mac.com
300,Heath,Astill,hastill8b@cloudflare.com
301,Hermann,Kinahan,hkinahan8c@soundcloud.com
302,Marchall,Cogzell,mcogzell8d@wsj.com
303,Meggie,Wilmington,mwilmington8e@privacy.gov.au
304,Abeu,Cornbill,acornbill8f@pcworld.com
305,Calley,Kingerby,ckingerby8g@ox.ac.uk
306,Barton,Bowld,bbowld8h@wunderground.com
307,Brnaby,Wolfenden,bwolfenden8i@disqus.com
308,Belicia,Krammer,bkrammer8j@wikia.com
309,Debi,Debold,ddebold8k@storify.com
310,Heath,Treske,htreske8l@pbs.org
311,Bradley,Abba,babba8m@usnews.com
312,Scarface,Sterling,ssterling8n@npr.org
313,Gena,Elce,gelce8o@wired.com
314,Ronni,Jickells,rjickells8p@ucoz.ru
315,Bastian,Simmig,bsimmig8q@foxnews.com
316,Eldridge,Maymond,emaymond8r@cmu.edu
317,Stevana,Issit,sissit8s@soup.io
318,Sileas,Tschiersch,stschiersch8t@opensource.org
319,Octavius,Londsdale,olondsdale8u@list-manage.com
320,Maitilde,Fenny,mfenny8v@mapquest.com
321,Leia,Josham,ljosham8w@github.io
322,Lonnie,Goodenough,lgoodenough8x@eventbrite.com
323,Xylia,Ford,xford8y@myspace.com
324,Janaya,Tanton,jtanton8z@abc.net.au
325,Joann,Kinnock,jkinnock90@japanpost.jp
326,Jacklin,Ketchaside,jketchaside91@wix.com
327,Wanids,Piccop,wpiccop92@smh.com.au
328,Daloris,Hurling,dhurling93@imageshack.us
329,Joice,Elbourne,jelbourne94@google.it
330,Davon,Vakhrushev,dvakhrushev95@blog.com
331,Neill,Corthes,ncorthes96@hud.gov
332,Dionis,MacGebenay,dmacgebenay97@rambler.ru
333,Dayle,Lyster,dlyster98@devhub.com
334,Addia,Ovanesian,aovanesian99@rambler.ru
335,Dulciana,Willeson,dwilleson9a@google.fr
336,Moreen,Wilshin,mwilshin9b@about.me
337,Starlene,Staig,sstaig9c@shutterfly.com
338,Berte,Treacher,btreacher9d@booking.com
339,Sioux,Bilverstone,sbilverstone9e@geocities.com
340,Abelard,Pendergrast,apendergrast9f@paginegialle.it
341,Marshal,Kingscott,mkingscott9g@omniture.com
342,Clevie,Simonini,csimonini9h@nature.com
343,Mariele,Stigell,mstigell9i@salon.com
344,Kettie,Axby,kaxby9j@wikia.com
345,Brinn,Johncey,bjohncey9k@canalblog.com
346,Cathe,Neilly,cneilly9l@weather.com
347,Symon,Shambrook,sshambrook9m@cdbaby.com
348,Aigneis,Malenfant,amalenfant9n@nymag.com
349,Hurleigh,Lockett,hlockett9o@nymag.com
350,Yancey,Muddicliffe,ymuddicliffe9p@odnoklassniki.ru
351,Sonya,Greswell,sgreswell9q@simplemachines.org
352,Jill,Farfolomeev,jfarfolomeev9r@sciencedirect.com
353,Demetris,Boxer,dboxer9s@icio.us
354,Goddard,Fosh,gfosh9t@simplemachines.org
355,Genvieve,Stenton,gstenton9u@typepad.com
356,Maggie,Somerton,msomerton9v@upenn.edu
357,Valaria,Huygens,vhuygens9w@wikia.com
358,Nikita,Uccelli,nuccelli9x@aol.com
359,Jonie,Bartolijn,jbartolijn9y@archive.org
360,Meta,MacGiolla,mmacgiolla9z@wsj.com
361,Irina,Kinnin,ikinnina0@hexun.com
362,Adamo,Baumber,abaumbera1@stanford.edu
363,Kimberlyn,Dayne,kdaynea2@yelp.com
364,Randolph,Breen,rbreena3@hibu.com
365,Annnora,Stive,astivea4@phoca.cz
366,Emlyn,Ciccone,ecicconea5@github.io
367,Kitty,Copestick,kcopesticka6@cdc.gov
368,Bennie,Redmore,bredmorea7@smh.com.au
369,Dorie,Goaley,dgoaleya8@cbc.ca
370,Justine,Brashaw,jbrashawa9@shop-pro.jp
371,Giralda,Bartelli,gbartelliaa@geocities.jp
372,Margi,Hubatsch,mhubatschab@usatoday.com
373,Jacky,Maly,jmalyac@facebook.com
374,Elvina,Dober,edoberad@sogou.com
375,Annette,Lavers,alaversae@google.com.au
376,Georgena,Kupka,gkupkaaf@wordpress.com
377,Allianora,Oxborough,aoxboroughag@alexa.com
378,Glenn,Philpin,gphilpinah@gmpg.org
379,Puff,Hamman,phammanai@desdev.cn
380,Cecil,Brazier,cbrazieraj@cyberchimps.com
381,Benson,Battaille,bbattailleak@marketwatch.com
382,Gris,Criple,gcripleal@google.de
383,Daphene,Tottle,dtottleam@economist.com
384,Beret,Boyde,bboydean@harvard.edu
385,Templeton,Ilett,tilettao@shareasale.com
386,Barnard,Lafee,blafeeap@biglobe.ne.jp
387,Krystalle,Bernadon,kbernadonaq@moonfruit.com
388,Della,Anfusso,danfussoar@cyberchimps.com
389,Stillmann,Swyer,sswyeras@npr.org
390,Caty,Cerie,ccerieat@google.co.jp
391,Shalom,Moorwood,smoorwoodau@cloudflare.com
392,Noell,Eaken,neakenav@tuttocitta.it
393,Nelle,Grocutt,ngrocuttaw@yandex.ru
394,Clara,Liggens,cliggensax@comcast.net
395,Ric,Begley,rbegleyay@google.ru
396,Mag,Ivanenko,mivanenkoaz@techcrunch.com
397,Daune,Phoenix,dphoenixb0@themeforest.net
398,Latrena,Jobbins,ljobbinsb1@va.gov
399,Waylan,Brede,wbredeb2@merriam-webster.com
400,Erick,Gilman,egilmanb3@163.com
401,Trescha,Garnsworthy,tgarnsworthyb4@phoca.cz
402,Asher,Breakwell,abreakwellb5@disqus.com
403,Emmy,Aldren,ealdrenb6@opensource.org
404,Gibby,Kropp,gkroppb7@youku.com
405,Chancey,Isley,cisleyb8@livejournal.com
406,Sean,Brierly,sbrierlyb9@businessinsider.com
407,Genny,Demaid,gdemaidba@senate.gov
408,Brigit,Brownbill,bbrownbillbb@chronoengine.com
409,Reynard,Yelden,ryeldenbc@google.it
410,Alysa,Moorton,amoortonbd@blogspot.com
411,Gert,Woodes,gwoodesbe@apache.org
412,Abbott,Cornwall,acornwallbf@dmoz.org
413,Calli,Bissill,cbissillbg@foxnews.com
414,Hertha,Reignard,hreignardbh@mapy.cz
415,Starlin,Feenan,sfeenanbi@google.com
416,Deloris,Rummins,drumminsbj@unesco.org
417,Lynea,Woods,lwoodsbk@zimbio.com
418,Murdock,Plumridege,mplumridegebl@economist.com
419,Harley,Spaule,hspaulebm@simplemachines.org
420,Steffi,Lidster,slidsterbn@a8.net
421,Tamarah,Kynett,tkynettbo@reddit.com
422,Reinhold,O'Keaveny,rokeavenybp@amazon.co.uk
423,Lorry,Fleury,lfleurybq@altervista.org
424,Luisa,Swigg,lswiggbr@so-net.ne.jp
425,Cyrille,Batten,cbattenbs@ocn.ne.jp
426,Otes,Buckwell,obuckwellbt@merriam-webster.com
427,Sela,O'Curran,socurranbu@facebook.com
428,Richmond,Cranmor,rcranmorbv@whitehouse.gov
429,Arleta,Pilger,apilgerbw@deviantart.com
430,Cecelia,Vango,cvangobx@berkeley.edu
431,Clarita,Keenor,ckeenorby@ocn.ne.jp
432,Hanny,Castille,hcastillebz@skyrock.com
433,Mace,Garrettson,mgarrettsonc0@wunderground.com
434,Morten,Wickham,mwickhamc1@dell.com
435,Ethyl,Pendrey,ependreyc2@sohu.com
436,Ardelle,Jamison,ajamisonc3@psu.edu
437,Justinn,Lissandri,jlissandric4@ycombinator.com
438,Sharon,Westrope,swestropec5@google.com
439,Briana,Nannetti,bnannettic6@cargocollective.com
440,Julieta,Walrond,jwalrondc7@ycombinator.com
441,Leeland,Lamball,llamballc8@ft.com
442,Cammi,Trevance,ctrevancec9@time.com
443,Antoine,Roskelley,aroskelleyca@blogtalkradio.com
444,Jamie,Kamenar,jkamenarcb@blogs.com
445,Gabbie,Annett,gannettcc@nature.com
446,Stanislaw,Janauschek,sjanauschekcd@yale.edu
447,Lanna,Daoust,ldaoustce@elegantthemes.com
448,Enrica,Starte,estartecf@barnesandnoble.com
449,Manfred,Eskrigg,meskriggcg@ycombinator.com
450,Sherilyn,Moysey,smoyseych@shutterfly.com
451,Ariadne,Taphouse,ataphouseci@washington.edu
452,Norene,Bartosek,nbartosekcj@icio.us
453,Lind,Wealthall,lwealthallck@people.com.cn
454,Dee,Capehorn,dcapehorncl@bloomberg.com
455,Thomasa,Clayworth,tclayworthcm@hao123.com
456,Sibella,Powling,spowlingcn@telegraph.co.uk
457,Montgomery,Munks,mmunksco@google.com
458,Rudiger,Breawood,rbreawoodcp@nsw.gov.au
459,Blancha,Foucher,bfouchercq@jimdo.com
460,Henrie,Cradock,hcradockcr@economist.com
461,Nikaniki,Popland,npoplandcs@census.gov
462,Elsworth,Uppett,euppettct@statcounter.com
463,Elsinore,Diloway,edilowaycu@wikia.com
464,Pierce,Tilby,ptilbycv@apache.org
465,Cleve,O' Kelleher,cokellehercw@prweb.com
466,Jeana,Autry,jautrycx@examiner.com
467,Rozamond,Merida,rmeridacy@e-recht24.de
468,My,Andriessen,mandriessencz@bandcamp.com
469,Adriano,Balazot,abalazotd0@eepurl.com
470,Candice,Baumler,cbaumlerd1@google.cn
471,Kizzie,Chaves,kchavesd2@usda.gov
472,Silas,Decourcy,sdecourcyd3@seattletimes.com
473,Shayla,Langtree,slangtreed4@prlog.org
474,Reggie,Bullerwell,rbullerwelld5@blinklist.com
475,Christine,Acres,cacresd6@xing.com
476,Benedikt,Askey,baskeyd7@mapy.cz
477,Pyotr,Duplan,pdupland8@columbia.edu
478,Iain,Stockings,istockingsd9@privacy.gov.au
479,Lanna,Borzoni,lborzonida@desdev.cn
480,Chelsey,Fassan,cfassandb@cbc.ca
481,Margarethe,Elverston,melverstondc@canalblog.com
482,Barde,Bonney,bbonneydd@tripadvisor.com
483,Maynard,Kneale,mknealede@constantcontact.com
484,Rhona,Cheshir,rcheshirdf@noaa.gov
485,Karmen,Champneys,kchampneysdg@bigcartel.com
486,Abbot,Gotling,agotlingdh@cafepress.com
487,Bibbie,Chrispin,bchrispindi@sogou.com
488,Fedora,Sivell,fsivelldj@census.gov
489,Kyle,Trow,ktrowdk@baidu.com
490,Gwenny,Fedorchenko,gfedorchenkodl@loc.gov
491,Carleton,Joliffe,cjoliffedm@stumbleupon.com
492,Ly,Prahm,lprahmdn@mail.ru
493,Natal,Badcock,nbadcockdo@ustream.tv
494,Clarisse,Neem,cneemdp@opera.com
495,Kit,Gail,kgaildq@wikimedia.org
496,Darb,Pasquale,dpasqualedr@yale.edu
497,Norina,Sealand,nsealandds@tiny.cc
498,Sherline,Ferrick,sferrickdt@abc.net.au
499,Abigail,McKitterick,amckitterickdu@scientificamerican.com
500,Glenn,Sunock,gsunockdv@nationalgeographic.com
501,Kyla,Joinson,kjoinsondw@webeden.co.uk
502,Chicky,Gillion,cgilliondx@gnu.org
503,Raimundo,Cansdall,rcansdalldy@mac.com
504,Egbert,Readings,ereadingsdz@w3.org
505,Virgina,Willan,vwillane0@surveymonkey.com
506,Renado,Wellan,rwellane1@bloglovin.com
507,Darci,Colleck,dcollecke2@webmd.com
508,Staci,Kemetz,skemetze3@hhs.gov
509,Jacquenette,Boulger,jboulgere4@google.it
510,Masha,Drinkeld,mdrinkelde5@dailymotion.com
511,Inge,Harses,iharsese6@tamu.edu
512,Idalia,Topling,itoplinge7@reference.com
513,Emmalynn,Cathrall,ecathralle8@bloglovin.com
514,Cacilia,Caswall,ccaswalle9@yahoo.co.jp
515,Ermengarde,Gimbrett,egimbrettea@flavors.me
516,Page,Floyed,pfloyedeb@people.com.cn
517,Tomas,Sandyford,tsandyfordec@businessweek.com
518,Allie,Gauntlett,agauntletted@toplist.cz
519,Ginnifer,Dryden,gdrydenee@skyrock.com
520,Winnie,Riall,wriallef@chron.com
521,Lucille,Dade,ldadeeg@woothemes.com
522,Lorenza,Cherrie,lcherrieeh@un.org
523,Godart,Bendson,gbendsonei@dyndns.org
524,Adora,Inderwick,ainderwickej@wikipedia.org
525,Josephine,Grewe,jgreweek@dropbox.com
526,Tabbie,Daburn,tdaburnel@typepad.com
527,Consalve,Cookes,ccookesem@facebook.com
528,Malachi,Iacovozzo,miacovozzoen@arizona.edu
529,Salvatore,Harrismith,sharrismitheo@alibaba.com
530,Kathi,Guymer,kguymerep@answers.com
531,Letta,Genge,lgengeeq@yahoo.com
532,Sharona,Flewin,sflewiner@hatena.ne.jp
533,Richardo,Skitral,rskitrales@amazon.co.uk
534,Tamiko,Lebel,tlebelet@blogs.com
535,Camile,Weymont,cweymonteu@example.com
536,Caz,Berthelmot,cberthelmotev@google.com.hk
537,Winna,Sandells,wsandellsew@npr.org
538,Mindy,Glenwright,mglenwrightex@hao123.com
539,Seana,Arpe,sarpeey@1und1.de
540,Bax,Brandacci,bbrandacciez@hao123.com
541,Jessie,Phidgin,jphidginf0@twitter.com
542,Gerhardine,Koche,gkochef1@google.pl
543,Fairleigh,Yesinov,fyesinovf2@usatoday.com
544,Eleanore,Millbank,emillbankf3@wordpress.org
545,Kassia,Mauchline,kmauchlinef4@free.fr
546,Rosemonde,Varvell,rvarvellf5@exblog.jp
547,Fancy,Mattussevich,fmattussevichf6@shareasale.com
548,Maxie,Catherine,mcatherinef7@bloglovin.com
549,Row,Scrammage,rscrammagef8@hc360.com
550,Marjorie,Jacobsson,mjacobssonf9@surveymonkey.com
551,Jaquelin,Heustace,jheustacefa@bloglovin.com
552,Mia,Geal,mgealfb@xinhuanet.com
553,Leonid,Mylechreest,lmylechreestfc@google.de
554,Malva,Meeron,mmeeronfd@jiathis.com
555,Elysia,Sampey,esampeyfe@umn.edu
556,Mallory,Dolling,mdollingff@ning.com
557,Marybeth,Saladine,msaladinefg@goo.ne.jp
558,Joline,O'Cassidy,jocassidyfh@jigsy.com
559,Koressa,Tabour,ktabourfi@nba.com
560,Catarina,Lambole,clambolefj@amazon.com
561,Laird,Parade,lparadefk@cnet.com
562,Chane,Phelips,cphelipsfl@about.me
563,Danya,Errington,derringtonfm@gnu.org
564,Terence,Shapter,tshapterfn@bizjournals.com
565,Arlana,Salvadori,asalvadorifo@gnu.org
566,Misty,Fanstone,mfanstonefp@csmonitor.com
567,Shaun,Alonso,salonsofq@webeden.co.uk
568,Mamie,Alcalde,malcaldefr@scribd.com
569,Rinaldo,Dyers,rdyersfs@51.la
570,Fernande,Rope,fropeft@taobao.com
571,Jenelle,Brownbill,jbrownbillfu@bluehost.com
572,Edgardo,Morrow,emorrowfv@paypal.com
573,Lyssa,Brownbridge,lbrownbridgefw@mapy.cz
574,Vicky,Budgeon,vbudgeonfx@marketwatch.com
575,Danyette,Rodear,drodearfy@facebook.com
576,Free,Rasch,fraschfz@reference.com
577,Viviene,Rigg,vriggg0@surveymonkey.com
578,Coleman,Rawcliffe,crawcliffeg1@squarespace.com
579,Dolli,Millions,dmillionsg2@diigo.com
580,Ximenes,Stollenbeck,xstollenbeckg3@usnews.com
581,Dani,Vaan,dvaang4@fema.gov
582,Vincents,Lloyd,vlloydg5@nih.gov
583,Flor,Stokey,fstokeyg6@ucsd.edu
584,Carolann,Michel,cmichelg7@51.la
585,Elmer,Zannutti,ezannuttig8@de.vu
586,Edna,Barley,ebarleyg9@bloomberg.com
587,Samara,Bracey,sbraceyga@cdc.gov
588,Randi,Pringuer,rpringuergb@mozilla.org
589,Benito,Bonass,bbonassgc@theguardian.com
590,Aimee,Stable,astablegd@pbs.org
591,Marisa,Fenck,mfenckge@tmall.com
592,Ransom,Blaske,rblaskegf@stumbleupon.com
593,Barbabas,Rockliffe,brockliffegg@samsung.com
594,Nye,Trustie,ntrustiegh@narod.ru
595,Emmalyn,Busain,ebusaingi@1688.com
596,Kerrie,Eagers,keagersgj@posterous.com
597,Chancey,Andreas,candreasgk@goodreads.com
598,Kyrstin,Neighbour,kneighbourgl@deliciousdays.com
599,Mathilde,Hengoed,mhengoedgm@networkadvertising.org
600,Ansel,Calley,acalleygn@pinterest.com
601,Pierson,Boliver,pbolivergo@hubpages.com
602,Susann,Schmuhl,sschmuhlgp@globo.com
603,Ellyn,Callingham,ecallinghamgq@webs.com
604,Vanna,Denison,vdenisongr@sphinn.com
605,Marieann,Klaas,mklaasgs@cargocollective.com
606,Bianca,Jobin,bjobingt@storify.com
607,Jessalin,Benjafield,jbenjafieldgu@usda.gov
608,Korie,Vanni,kvannigv@mediafire.com
609,Ginnie,Aizic,gaizicgw@jugem.jp
610,Aubert,Lethbridge,alethbridgegx@canalblog.com
611,Oona,Garforth,ogarforthgy@bravesites.com
612,Forrest,Winning,fwinninggz@webeden.co.uk
613,Birgit,Whatford,bwhatfordh0@paginegialle.it
614,Aurore,Purrington,apurringtonh1@vkontakte.ru
615,Rora,Grose,rgroseh2@wikimedia.org
616,Deena,Ghelarducci,dghelarduccih3@eepurl.com
617,Peg,Gieraths,pgierathsh4@is.gd
618,Donny,Turrill,dturrillh5@chicagotribune.com
619,Pren,Pearson,ppearsonh6@cyberchimps.com
620,Florence,Currom,fcurromh7@kickstarter.com
621,Tani,Lesley,tlesleyh8@about.com
622,Kristi,Matthias,kmatthiash9@artisteer.com
623,Chip,Darnborough,cdarnboroughha@qq.com
624,Prent,Sallans,psallanshb@yahoo.com
625,Renie,Kensley,rkensleyhc@flavors.me
626,Hillel,Seage,hseagehd@ox.ac.uk
627,Waldon,Camelli,wcamellihe@cocolog-nifty.com
628,Rosette,Pearde,rpeardehf@vistaprint.com
629,Melba,Treher,mtreherhg@drupal.org
630,Killy,Mulqueeny,kmulqueenyhh@theguardian.com
631,Hesther,Sibbet,hsibbethi@merriam-webster.com
632,Durant,Furze,dfurzehj@independent.co.uk
633,Efren,Presman,epresmanhk@si.edu
634,Wandie,Libbe,wlibbehl@engadget.com
635,Marlena,Riping,mripinghm@furl.net
636,Tallou,Balaam,tbalaamhn@about.com
637,Jesse,Aimer,jaimerho@feedburner.com
638,Ive,Checcucci,icheccuccihp@tripod.com
639,Kirsti,Leijs,kleijshq@ask.com
640,Irina,Krzysztofiak,ikrzysztofiakhr@pbs.org
641,Flemming,Thurstan,fthurstanhs@timesonline.co.uk
642,Claiborne,Ahrenius,cahreniusht@g.co
643,Ernst,Croxford,ecroxfordhu@columbia.edu
644,Ric,Dietmar,rdietmarhv@phoca.cz
645,Jule,Baynon,jbaynonhw@123-reg.co.uk
646,Myrle,Cresswell,mcresswellhx@ezinearticles.com
647,Gwenora,Mishaw,gmishawhy@prweb.com
648,Joline,Bonsey,jbonseyhz@dell.com
649,Sherwood,Dodsworth,sdodsworthi0@amazon.co.uk
650,Farley,Berzon,fberzoni1@t-online.de
651,Inglebert,Detoile,idetoilei2@gravatar.com
652,Tilly,Langsbury,tlangsburyi3@sbwire.com
653,Kerr,Wellum,kwellumi4@earthlink.net
654,Oralia,Tregaskis,otregaskisi5@tumblr.com
655,Jaquelin,Di Giacomettino,jdigiacomettinoi6@deviantart.com
656,Mariam,Clawson,mclawsoni7@multiply.com
657,Inesita,Towe,itowei8@earthlink.net
658,George,Halliburton,ghalliburtoni9@ft.com
659,Sandi,Fortnon,sfortnonia@ask.com
660,Krispin,Gartell,kgartellib@ucla.edu
661,Kaila,Kernar,kkernaric@google.cn
662,Gabriela,Taillard,gtaillardid@telegraph.co.uk
663,Boonie,Senecaux,bsenecauxie@merriam-webster.com
664,David,Agdahl,dagdahlif@yelp.com
665,Gussi,Attoc,gattocig@accuweather.com
666,Siward,Stainbridge,sstainbridgeih@usatoday.com
667,Alanna,Marcos,amarcosii@hud.gov
668,Padriac,Krook,pkrookij@thetimes.co.uk
669,Jasun,Tidcomb,jtidcombik@deviantart.com
670,Lucina,Clayfield,lclayfieldil@ameblo.jp
671,Rabi,Dance,rdanceim@cnn.com
672,Filmer,Eltone,feltonein@scientificamerican.com
673,Burl,Dartnall,bdartnallio@zimbio.com
674,Ivory,Gocke,igockeip@wikimedia.org
675,Carolin,McNirlan,cmcnirlaniq@addtoany.com
676,Che,Mazzey,cmazzeyir@e-recht24.de
677,Madelene,Cush,mcushis@gmpg.org
678,Gherardo,Jell,gjellit@ca.gov
679,Betty,Waddy,bwaddyiu@state.gov
680,Nolana,Chinery,nchineryiv@usgs.gov
681,Corrie,Greenshields,cgreenshieldsiw@myspace.com
682,Rozanne,Eyam,reyamix@reverbnation.com
683,Andie,Janzen,ajanzeniy@flavors.me
684,Pet,Hedingham,phedinghamiz@theglobeandmail.com
685,Ephrayim,Mcmanaman,emcmanamanj0@cnbc.com
686,Ivette,Calleja,icallejaj1@moonfruit.com
687,Egbert,Bougen,ebougenj2@salon.com
688,Perl,Weitzel,pweitzelj3@fc2.com
689,Randie,Sylvester,rsylvesterj4@google.cn
690,Enrichetta,Queyos,equeyosj5@umich.edu
691,Kikelia,Gianetti,kgianettij6@columbia.edu
692,Christel,Russam,crussamj7@issuu.com
693,Karalee,Scholar,kscholarj8@networkadvertising.org
694,Margaretha,Jephson,mjephsonj9@unicef.org
695,Bobinette,Isitt,bisittja@npr.org
696,Florentia,Tansley,ftansleyjb@fastcompany.com
697,Liva,Cleworth,lcleworthjc@cnn.com
698,Arman,Pochet,apochetjd@networksolutions.com
699,Bogart,Gillebride,bgillebrideje@paginegialle.it
700,Binni,Sacase,bsacasejf@statcounter.com
701,Donnie,Denkel,ddenkeljg@sphinn.com
702,Hamnet,Goater,hgoaterjh@baidu.com
703,Billie,Scothern,bscothernji@marriott.com
704,Blondy,Scamwell,bscamwelljj@google.de
705,Florette,Lander,flanderjk@yolasite.com
706,Anet,Cowans,acowansjl@sciencedaily.com
707,Franklin,Elacoate,felacoatejm@go.com
708,Margaux,Fiddymont,mfiddymontjn@oakley.com
709,Myca,Haggerwood,mhaggerwoodjo@accuweather.com
710,Torrin,Martinek,tmartinekjp@cdbaby.com
711,Graig,Dunsford,gdunsfordjq@archive.org
712,Coraline,Zelner,czelnerjr@360.cn
713,Darleen,Northcliffe,dnorthcliffejs@chronoengine.com
714,Vail,Hylden,vhyldenjt@washington.edu
715,Adolphus,Keasey,akeaseyju@istockphoto.com
716,Terrijo,Powers,tpowersjv@wired.com
717,Natty,Brisbane,nbrisbanejw@cbc.ca
718,Emeline,Treece,etreecejx@devhub.com
719,Clemmy,Hughes,chughesjy@unesco.org
720,Welby,Cattach,wcattachjz@state.gov
721,Dominique,Yellop,dyellopk0@wikimedia.org
722,Trudy,Taggart,ttaggartk1@lycos.com
723,Patten,Cardus,pcardusk2@1und1.de
724,Ilaire,Balstone,ibalstonek3@stanford.edu
725,Benito,Poynor,bpoynork4@irs.gov
726,Salomone,Zettler,szettlerk5@printfriendly.com
727,Halimeda,Vagges,hvaggesk6@google.co.jp
728,Agnella,Mongan,amongank7@accuweather.com
729,Phoebe,Weyland,pweylandk8@usda.gov
730,Sigismondo,Reville,srevillek9@tripadvisor.com
731,Richard,Mosby,rmosbyka@hhs.gov
732,Cornelle,Girling,cgirlingkb@eventbrite.com
733,Eberto,Uff,euffkc@biblegateway.com
734,Gerhard,Syder,gsyderkd@fda.gov
735,Dom,Able,dableke@csmonitor.com
736,Vlad,Kiggel,vkiggelkf@scientificamerican.com
737,Caria,Breitling,cbreitlingkg@cmu.edu
738,Tatiania,Merrilees,tmerrileeskh@wikia.com
739,Dehlia,Voisey,dvoiseyki@nhs.uk
740,Augy,Le Houx,alehouxkj@patch.com
741,Minnie,Gore,mgorekk@dailymail.co.uk
742,Gearard,Thraves,gthraveskl@eventbrite.com
743,Archie,Dakhno,adakhnokm@simplemachines.org
744,Amalia,Du Pre,aduprekn@devhub.com
745,Zak,Antonchik,zantonchikko@shinystat.com
746,Jodi,Dilliway,jdilliwaykp@nature.com
747,Doyle,Bunting,dbuntingkq@parallels.com
748,Fons,Burbage,fburbagekr@usda.gov
749,Phebe,Pane,ppaneks@tripadvisor.com
750,Abbie,Slark,aslarkkt@soup.io
751,Gilli,Larway,glarwayku@ebay.co.uk
752,Mychal,Joysey,mjoyseykv@apple.com
753,Kassie,Meritt,kmerittkw@prweb.com
754,Alanson,Mouncher,amouncherkx@ucla.edu
755,Vassily,Kirkup,vkirkupky@pcworld.com
756,Northrop,Stoffers,nstofferskz@google.nl
757,Otto,Maryin,omaryinl0@booking.com
758,Goddard,Pothergill,gpothergilll1@hc360.com
759,Carolann,Mounsey,cmounseyl2@wix.com
760,Morlee,Llewellen,mllewellenl3@uiuc.edu
761,Lyn,Pencott,lpencottl4@reuters.com
762,Honoria,Weatherill,hweatherilll5@independent.co.uk
763,Dunn,Leece,dleecel6@bbc.co.uk
764,Humberto,Eltringham,heltringhaml7@marketwatch.com
765,Renado,Harvey,rharveyl8@google.com.hk
766,Nil,Wraggs,nwraggsl9@prnewswire.com
767,Mela,Setterfield,msetterfieldla@harvard.edu
768,Demeter,Smee,dsmeelb@w3.org
769,Aimee,Handscombe,ahandscombelc@dedecms.com
770,Callean,Osorio,cosoriold@time.com
771,Francesca,Garley,fgarleyle@hhs.gov
772,Joellyn,Dalston,jdalstonlf@ibm.com
773,Karly,Dimitresco,kdimitrescolg@bizjournals.com
774,Nappy,Dysart,ndysartlh@thetimes.co.uk
775,Tressa,Phalip,tphalipli@harvard.edu
776,Tim,Immings,timmingslj@meetup.com
777,Wynn,Breffit,wbreffitlk@state.tx.us
778,Angus,Longridge,alongridgell@ow.ly
779,Verla,Lamberto,vlambertolm@ovh.net
780,Jo-anne,Pastor,jpastorln@ftc.gov
781,Orv,Hannigan,ohanniganlo@biglobe.ne.jp
782,Paquito,Gaye,pgayelp@goo.gl
783,Irma,Delahunty,idelahuntylq@bluehost.com
784,Timothy,Itzhak,titzhaklr@tmall.com
785,Fabien,Wooff,fwooffls@cmu.edu
786,Weider,Adami,wadamilt@bigcartel.com
787,Charline,Quinnelly,cquinnellylu@unesco.org
788,Aeriel,Downes,adowneslv@mac.com
789,Ange,Ygo,aygolw@squidoo.com
790,Alic,Paunton,apauntonlx@mit.edu
791,Esmeralda,Plomer,eplomerly@usgs.gov
792,Pierette,Bucksey,pbuckseylz@dailymail.co.uk
793,Bertina,Yeld,byeldm0@friendfeed.com
794,Vanna,Ponder,vponderm1@elpais.com
795,Janie,Flawn,jflawnm2@blogger.com
796,Darlene,Jovis,djovism3@de.vu
797,Homere,Dingate,hdingatem4@mtv.com
798,Waneta,Yellep,wyellepm5@gnu.org
799,Thaine,Peerman,tpeermanm6@ebay.co.uk
800,Erek,Dodshun,edodshunm7@godaddy.com
801,Renate,Upward,rupwardm8@virginia.edu
802,Gustav,Bullivent,gbulliventm9@meetup.com
803,Dawn,Ferrers,dferrersma@geocities.jp
804,Orel,Breem,obreemmb@360.cn
805,Fannie,Aberchirder,faberchirdermc@bloglines.com
806,Ram,Adshead,radsheadmd@amazon.de
807,Alaine,Varvara,avarvarame@aol.com
808,Norbie,Clarae,nclaraemf@t-online.de
809,Penelopa,Winters,pwintersmg@xrea.com
810,Elysee,Newbury,enewburymh@about.me
811,Lesley,Lathleiff,llathleiffmi@com.com
812,Palmer,Glassard,pglassardmj@360.cn
813,Bryce,Savary,bsavarymk@blogtalkradio.com
814,Tab,Dominka,tdominkaml@miibeian.gov.cn
815,Tresa,Weafer,tweafermm@sfgate.com
816,Ophelie,Gillopp,ogilloppmn@wikimedia.org
817,Niki,Senogles,nsenoglesmo@smh.com.au
818,Berty,Errett,berrettmp@wikipedia.org
819,Wendy,Maffioni,wmaffionimq@omniture.com
820,Aviva,Wateridge,awateridgemr@examiner.com
821,Fernandina,France,ffrancems@foxnews.com
822,Hilarius,Dwerryhouse,hdwerryhousemt@youtube.com
823,Stevie,China,schinamu@yellowbook.com
824,Darcy,Pendreigh,dpendreighmv@gnu.org
825,Gretta,Yerbury,gyerburymw@surveymonkey.com
826,Lind,Andrick,landrickmx@flickr.com
827,Syd,Pele,spelemy@themeforest.net
828,Denice,Erni,dernimz@reddit.com
829,Farlie,Chattelaine,fchattelainen0@nymag.com
830,Lilly,Livesay,llivesayn1@about.com
831,Matthieu,Dollin,mdollinn2@washington.edu
832,Elna,Stallwood,estallwoodn3@amazon.com
833,Kenton,Mucklow,kmucklown4@networkadvertising.org
834,Elnora,McKay,emckayn5@auda.org.au
835,Marvin,Ahrend,mahrendn6@paginegialle.it
836,Ebonee,Poile,epoilen7@free.fr
837,Deb,Furmonger,dfurmongern8@state.gov
838,Lidia,Eynald,leynaldn9@fc2.com
839,Mamie,Deverose,mdeverosena@whitehouse.gov
840,Shena,Horstead,shorsteadnb@wired.com
841,Marybeth,Jaffray,mjaffraync@tinypic.com
842,Giuseppe,O'Scanlan,goscanlannd@infoseek.co.jp
843,Warden,Verden,wverdenne@sakura.ne.jp
844,Garik,Edgcombe,gedgcombenf@pcworld.com
845,Hakeem,Jacob,hjacobng@washingtonpost.com
846,Myrvyn,Guitonneau,mguitonneaunh@mashable.com
847,Titos,Bingall,tbingallni@tinyurl.com
848,Emmery,Condie,econdienj@flickr.com
849,Farrah,Hallows,fhallowsnk@php.net
850,Laina,Kik,lkiknl@ocn.ne.jp
851,Anastasia,Parsisson,aparsissonnm@ft.com
852,Virgina,Petigrew,vpetigrewnn@sciencedaily.com
853,Patrice,Simister,psimisterno@craigslist.org
854,Louie,Murphey,lmurpheynp@sciencedaily.com
855,Neill,Skey,nskeynq@google.es
856,Glynis,Helks,ghelksnr@zdnet.com
857,Layney,Shinefield,lshinefieldns@ning.com
858,Dulcea,Daverin,ddaverinnt@ovh.net
859,Trenton,Wilcox,twilcoxnu@elpais.com
860,Dominik,Knightsbridge,dknightsbridgenv@miibeian.gov.cn
861,Gena,Spoor,gspoornw@vk.com
862,Evy,Issakov,eissakovnx@twitpic.com
863,Avie,Stoffel,astoffelny@aboutads.info
864,Selinda,Lyenyng,slyenyngnz@vinaora.com
865,Bent,Philps,bphilpso0@quantcast.com
866,Talbert,MacGowan,tmacgowano1@about.me
867,Grantham,Kuhnert,gkuhnerto2@oakley.com
868,Efren,Pargeter,epargetero3@ucoz.ru
869,Edita,Raddenbury,eraddenburyo4@dot.gov
870,Raphael,Colam,rcolamo5@vk.com
871,Vyky,Heavens,vheavenso6@oakley.com
872,Idalia,McGeachie,imcgeachieo7@senate.gov
873,Sutherland,McReynold,smcreynoldo8@ovh.net
874,Chrystal,Flint,cflinto9@wsj.com
875,Griswold,Baudinelli,gbaudinellioa@paypal.com
876,Dawn,Kindell,dkindellob@mashable.com
877,Alleen,Bruun,abruunoc@scientificamerican.com
878,Kathrine,Penrice,kpenriceod@sitemeter.com
879,Fancie,Champneys,fchampneysoe@ycombinator.com
880,Buffy,Stoyles,bstoylesof@friendfeed.com
881,Lorin,Gethings,lgethingsog@marketwatch.com
882,Darb,Fraulo,dfraulooh@businesswire.com
883,Irma,Huckerbe,ihuckerbeoi@diigo.com
884,Aviva,Tubby,atubbyoj@aol.com
885,Armstrong,Loxdale,aloxdaleok@deviantart.com
886,Roosevelt,Rops,rropsol@simplemachines.org
887,Lucky,McKue,lmckueom@gizmodo.com
888,Philip,Kerfut,pkerfuton@squarespace.com
889,Alameda,Bambridge,abambridgeoo@123-reg.co.uk
890,Loralie,Girvan,lgirvanop@xing.com
891,Calhoun,Haack,chaackoq@e-recht24.de
892,Tawnya,Poge,tpogeor@cdc.gov
893,Augustin,Sancho,asanchoos@webmd.com
894,Con,Grinter,cgrinterot@bbc.co.uk
895,Fergus,Wickett,fwickettou@printfriendly.com
896,Ashien,Metcalfe,ametcalfeov@wufoo.com
897,Emelita,Roussel,erousselow@go.com
898,Frederique,Cuncarr,fcuncarrox@ow.ly
899,Merell,Braben,mbrabenoy@zdnet.com
900,Billie,Croney,bcroneyoz@accuweather.com
901,Shawnee,Dunmore,sdunmorep0@sbwire.com
902,Murielle,Tremellier,mtremellierp1@exblog.jp
903,Geraldine,Lathey,glatheyp2@nyu.edu
904,Alf,Chivers,achiversp3@amazonaws.com
905,Ashely,Van Bruggen,avanbruggenp4@studiopress.com
906,Dallis,Cozzi,dcozzip5@state.gov
907,Faunie,D'Alwis,fdalwisp6@free.fr
908,Linc,Mellows,lmellowsp7@unc.edu
909,Audy,Blackston,ablackstonp8@mediafire.com
910,Lois,Cattermole,lcattermolep9@cloudflare.com
911,Hughie,Vanni,hvannipa@acquirethisname.com
912,Hamid,Beagrie,hbeagriepb@printfriendly.com
913,Kenton,Bumfrey,kbumfreypc@gmpg.org
914,Brande,Westbury,bwestburypd@ft.com
915,Chase,Stendall,cstendallpe@zdnet.com
916,Pearce,Bazley,pbazleypf@amazonaws.com
917,Anthiathia,Bridgeman,abridgemanpg@jugem.jp
918,Dorelle,Leneve,dleneveph@yellowpages.com
919,Rudyard,Fessions,rfessionspi@ifeng.com
920,Maure,Muckley,mmuckleypj@webs.com
921,Sterne,Gregol,sgregolpk@oaic.gov.au
922,Dulcie,Lowdiane,dlowdianepl@jiathis.com
923,Lucky,Lockett,llockettpm@histats.com
924,Hart,Alans,halanspn@tiny.cc
925,Malachi,Wife,mwifepo@whitehouse.gov
926,Seana,Cockarill,scockarillpp@unc.edu
927,Rhys,Fellgett,rfellgettpq@eventbrite.com
928,Ealasaid,Grier,egrierpr@ning.com
929,Zeke,Kunes,zkunesps@sohu.com
930,Davy,Penley,dpenleypt@unicef.org
931,Cissiee,De Biaggi,cdebiaggipu@privacy.gov.au
932,Carol,Mackro,cmackropv@economist.com
933,Dwain,McVitie,dmcvitiepw@elegantthemes.com
934,Karrie,Lazare,klazarepx@webnode.com
935,Shepherd,Rainville,srainvillepy@taobao.com
936,Tabina,Summerson,tsummersonpz@pagesperso-orange.fr
937,Leshia,Digance,ldiganceq0@meetup.com
938,Vladamir,Hobben,vhobbenq1@t-online.de
939,Alva,Iwanicki,aiwanickiq2@sciencedaily.com
940,Judye,Crame,jcrameq3@springer.com
941,Gretna,Jinkins,gjinkinsq4@deliciousdays.com
942,Rorke,Baison,rbaisonq5@friendfeed.com
943,Caresse,Linsay,clinsayq6@digg.com
944,Jody,Hughill,jhughillq7@tinypic.com
945,Prue,Peddie,ppeddieq8@typepad.com
946,Lu,Van den Hof,lvandenhofq9@wiley.com
947,Thane,Van den Velde,tvandenveldeqa@w3.org
948,Kit,Housego,khousegoqb@deviantart.com
949,Bord,Drayton,bdraytonqc@cargocollective.com
950,Noel,Tuson,ntusonqd@skyrock.com
951,Arlette,Botger,abotgerqe@eepurl.com
952,Ancell,Liccardo,aliccardoqf@tinyurl.com
953,Prudi,Bumpass,pbumpassqg@imdb.com
954,Olivia,Hegg,oheggqh@quantcast.com
955,Rubetta,Devenport,rdevenportqi@dropbox.com
956,Leanna,Goullee,lgoulleeqj@gmpg.org
957,Cliff,Foxten,cfoxtenqk@t.co
958,Letta,Bonnaire,lbonnaireql@pen.io
959,Will,Risebrow,wrisebrowqm@hc360.com
960,Zandra,Beames,zbeamesqn@businesswire.com
961,Tonya,Remmer,tremmerqo@nih.gov
962,Aarika,Dalston,adalstonqp@netscape.com
963,Glenn,Molyneaux,gmolyneauxqq@is.gd
964,Cher,Learoid,clearoidqr@accuweather.com
965,Myrle,Brithman,mbrithmanqs@intel.com
966,Christophorus,Karpe,ckarpeqt@ask.com
967,Tine,Gemmill,tgemmillqu@yellowpages.com
968,Kory,Benedite,kbenediteqv@vimeo.com
969,Bess,Madgin,bmadginqw@bizjournals.com
970,Daffie,Galloway,dgallowayqx@hud.gov
971,Damian,Gye,dgyeqy@eepurl.com
972,Chick,Ruffle,cruffleqz@phoca.cz
973,Rose,Newens,rnewensr0@technorati.com
974,Michal,Caherny,mcahernyr1@rambler.ru
975,Corri,Ginner,cginnerr2@eepurl.com
976,Joanne,Feldfisher,jfeldfisherr3@wired.com
977,Tallou,Jiggen,tjiggenr4@apache.org
978,Tatiana,Pavolini,tpavolinir5@fema.gov
979,Franni,Sive,fsiver6@macromedia.com
980,Natalie,Bax,nbaxr7@epa.gov
981,Conway,Petschelt,cpetscheltr8@home.pl
982,Bink,Tortis,btortisr9@liveinternet.ru
983,Celene,Gartrell,cgartrellra@redcross.org
984,Wake,Stanbridge,wstanbridgerb@exblog.jp
985,Burnaby,Woodrooffe,bwoodroofferc@tmall.com
986,Marlon,Cranmer,mcranmerrd@usgs.gov
987,Dillon,Moloney,dmoloneyre@cdc.gov
988,Wallache,Mitchener,wmitchenerrf@deviantart.com
989,Karney,Malster,kmalsterrg@bluehost.com
990,Aida,Brocklehurst,abrocklehurstrh@macromedia.com
991,Estel,McGlue,emcglueri@china.com.cn
992,Carolee,McCrory,cmccroryrj@mozilla.org
993,Chad,Duff,cduffrk@mlb.com
994,Lamond,Scolli,lscollirl@discuz.net
995,Mignonne,Bathurst,mbathurstrm@noaa.gov
996,Nerta,Whittle,nwhittlern@rediff.com
997,Sarah,Cookman,scookmanro@multiply.com
998,Gifford,Fairclough,gfaircloughrp@umich.edu
999,Hilda,Pegler,hpeglerrq@surveymonkey.com
1000,Hubert,Ponte,hponterr@auda.org.au
